578080,PUBG Corporation
570,Valve
730,Valve
622590
359550,Ubisoft
271590,Rockstar Games
238960,Grinding Gear Games
230410,Digital Extremes
440,Valve
252950,"Psyonix, Inc."
252490,Facepunch Studios
624090,SEGA
346110,Studio Wildcard
4000,Valve
8930,2K,Aspyr (Mac),Aspyr (Linux)
218620,Starbreeze Publishing AB
227300,SCS Software
107410,Bohemia Interactive
365590,Ubisoft
433850,Daybreak Game Company
377160,Bethesda Softworks
289070,2K,Aspyr (Mac),Aspyr (Linux)
444090,Hi-Rez Studios
105600,Re-Logic
482730
72850,Bethesda Softworks
304930,Smartly Dressed Games
476620,Activision
10,Valve
504370,Stunlock Studios
292030,CD PROJEKT RED
381210,Behaviour Digital Inc.
236850,Paradox Interactive
489830,Bethesda Softworks
306130,Bethesda Softworks
236390,Gaijin Entertainment
435150,Larian Studios
394360,Paradox Interactive
251570,The Fun Pimps Entertainment LLC
281990,Paradox Interactive
550,Valve
594570,SEGA,Feral Interactive (Mac),Feral Interactive (Linux)
221380,Xbox Game Studios
363970,Playsaurus
582660,Kakao Games Europe B.V.
255710,Paradox Interactive
214950,SEGA
601510,Konami Digital Entertainment
386360,Hi-Rez Studios
294100,Ludeon Studios
413150,ConcernedApe
582160,Ubisoft
322330,Klei Entertainment
577800,2K
444200,Wargaming Group Limited
447020,Focus Home Interactive
480
550650,NS STUDIO
427520,Wube Software LTD.
49520,2K,Aspyr (Mac),Aspyr (Linux)
291550,Ubisoft
48700,TaleWorlds Entertainment
374320,"FromSoftware, Inc.",BANDAI NAMCO Entertainment
431960,Kristjan Skutta
268500,2K,Feral Interactive (Mac),Feral Interactive (Linux)
311290,THQ Nordic
240,Valve
39210,Square Enix
203770,Paradox Interactive
356190,WB Games
253920,Topware Interactive ACE
378120
242760,Endnight Games Ltd
250900,"Nicalis, Inc."
227940,RETO MOTO
485510,"KOEI TECMO GAMES CO., LTD."
219990,Crate Entertainment
698780,Team Salvato
259360
259340,Topware Interactive
231430,SEGA,Feral Interactive (Mac),Feral Interactive (Linux)
291480,My.com
359320,Frontier Developments
386180,Gaijin Entertainment
364360,SEGA,Feral Interactive (Linux),Feral Interactive (Mac)
22380,Bethesda Softworks
244850,Keen Software House
325610,SEGA
304050,Trion Worlds
298610,Bohemia Interactive
264710,Unknown Worlds Entertainment
322170,RobTop Games
211820,Chucklefish
242920,Shining Rock Software LLC
627690,Codename Entertainment Inc.
453480,"Cygames, Inc.",Cygames Korea Inc.
460930,Ubisoft
373420,Larian Studios
8500,CCP
220200,Private Division 
10500,SEGA,Feral Interactive (Mac),Feral Interactive (Linux)
4700,SEGA,Feral Interactive (Mac),Feral Interactive (Linux)
221100,Bohemia Interactive
301520,Freejam
239140,Techland Publishing
232090,Tripwire Interactive
457140,Klei Entertainment
55100,Deep Silver
391220,Square Enix,Feral Interactive (Mac),Feral Interactive (Linux)
552990,Wargaming Group Limited
466240,Automaton
47890,Electronic Arts
314160,Dovetail Games - Flight
305620,Hinterland Studio Inc.
295270
268910,Studio MDHR Entertainment Inc.
628890,"KOEI TECMO GAMES CO., LTD."
109600,Perfect World Entertainment
612880,Bethesda Softworks
738060,Scott Cawthon
270880,SCS Software
592580,Konami Digital Entertainment
475150,THQ Nordic
620,Valve
555570,Fredaikis AB
440900,Funcom
268850,EVGA
34330,SEGA,Feral Interactive (Mac),Feral Interactive (Linux)
610080,Kongregate
225540,Square Enix
619890,Giant Fox Studios
240720,Bennett Foddy
105450,Xbox Game Studios
219740,Klei Entertainment
311210,Activision,Aspyr (Mac)
493340,Frontier Developments
346010,Spiderling Studios
333930,Warchest Ltd.
438040,Playa Games GmbH
595460,K Bros Games
383120,Eleon Game Studios
262060,Red Hook Studios
284160,BeamNG
244210,Kunos Simulazioni
389730,BANDAI NAMCO Entertainment
518790,Avalanche Studios
446800,Good Shepherd Entertainment
222880,New World Interactive
588430,Bethesda Softworks
346900,Hyper Hippo Games
379720,Bethesda Softworks
323370,En Masse Entertainment
218230,Daybreak Game Company
513650
674940,Landfall
335300,BANDAI NAMCO Entertainment,"FromSoftware, Inc"
287700,Konami Digital Entertainment
392110,SEGA
286160,Berserk Games
411300,THQ Nordic
385760,2K
241930,WB Games,Feral Interactive (Mac)
393380,Offworld Industries
477160,Curve Digital
33930,Bohemia Interactive
202990,Activision
211420,BANDAI NAMCO Entertainment
515220,Codemasters,Feral Interactive (Mac),Feral Interactive (Linux)
228200,SEGA
200210,Deca Games
212740
454650,BANDAI NAMCO Entertainment
304390,Ubisoft
273110,Nexon Korea Corporation
473500
42690
295110,Daybreak Game Company
24010,Dovetail Games - Trains
10190,Activision,Aspyr (Mac)
645630,PlayWay S.A.
476600,Activision
663390,LAN - GAMES EOOD
34030,SEGA,Feral Interactive (Mac)
378860,BANDAI NAMCO Entertainment
384300,"StartupTim, LLC",Tim Sullivan
418460,Tripwire Interactive
367520,Team Cherry
231670,SEGA
244450,1C Entertainment
312660,Rebellion
363150,"KOEI TECMO GAMES CO., LTD."
282070,11 bit studios
380600,Fishing Planet LLC
200510,2K,Feral Interactive (Mac),Feral Interactive (Linux)
536930,Square Enix
233450,Paradox Interactive
280790,Playful Corp.
242050,Ubisoft
9900,Perfect World Entertainment
316010,Wizards of the Coast LLC
389430,NTTGame
403640,Bethesda Softworks
524220,Square Enix
469600,AutoAttack Games
506540,Free Reign Entertainment
4760,SEGA
216150,Nexon America Inc.
387990,Axolot Games
480490,Bethesda Softworks
447040,Ubisoft
688470,"Chongqing Shangshixuan Technology Co., Ltd.,"
506140,"Cloudcade, Inc."
402840,Codename Entertainment Inc.
261640,2K,Aspyr (Mac),Aspyr (Linux)
364470,Bethesda Softworks
663090,"IMCGAMES Co.,Ltd."
266840,Xbox Game Studios
203160,Square Enix,Feral Interactive (Mac),Feral Interactive (Linux)
291650,Paradox Interactive
372000,"IMCGAMES Co.,Ltd."
456610
212680,Subset Games
337000,Square Enix,Feral Interactive (Linux),Feral Interactive (Mac)
415200,SEGA
32470,LucasArts,Lucasfilm,Disney Interactive
397900,8Floor
569480,"Lion Shield, LLC"
444640,Ninja Kiwi
473690,Devolver Digital
433340,Monomi Park
234140,Warner Bros. Interactive Entertainment,Feral Interactive (Mac),Feral Interactive (Linux)
298110,Ubisoft
201810,Bethesda-Soft
290080,Bitbox Ltd.
445220,Boxelware
335240,Atelier 801
8800,2K
208650,Warner Bros. Interactive Entertainment
329110,505 Games
326460,kChamp Games
529180,Snail Games USA
438740,Gun Media
8980,2K
521630,Giant Fox Studios
220,Valve
393420,Bankroll Studios
22330,Bethesda Softworks
20920,CD PROJEKT RED,1C-SoftClub
253710,Expansive Worlds,Avalanche Studios
3910,2K
516750,Amistech Games
252530,Aerosoft GmbH
360430,2K,Aspyr (Mac)
612020,Berzerk Studio
391540,tobyfox
12120,Rockstar Games
286940
20900,CD PROJEKT RED,1C-SoftClub
342200,Piranha Games Inc.
431240,Team17 Digital Ltd
466560,Shiro Games
6060,Lucasfilm,LucasArts,Disney Interactive
10090,Activision
339600,KIXEYE
339610,Joycity
333420,GSC Game World
212500,"Standing Stone Games, LLC"
235540,Fatshark
269210,Panic Art Studios
531640,Dire Wolf Digital
65930,2K
310950,Capcom
275850,Hello Games
367500,Capcom
448440,Proximity Games
12210,Rockstar Games
226840,Paradox Interactive
601430,Bethesda Softworks
675010,Focus Home Interactive
17390,Electronic Arts
1840,Valve
646570,Mega Crit Games
297000,Ubisoft Entertainment
113400,Little Orbit
612510,"Project ""The Game"""
263280,Oovee® Game Studios
206420,Deep Silver
236870,IO Interactive A/S,Feral Interactive (Linux),Feral Interactive (Mac)
624120,SEGA
220240,Ubisoft
521890,tinyBuild
438100,VRChat Inc.
299740,Entrada Interactive LLC
65980,2K,Aspyr (Mac),Aspyr (Linux)
219640,Torn Banner Studios
588650,Motion Twin
442080,Nexon America
55230,Deep Silver
221680,Ubisoft
261430
208580,LucasArts,Disney Interactive,Lucasfilm,"Aspyr (Mac, Linux)"
550900
459820,Sad Panda Studios
310560,Codemasters,Feral Interactive (Linux),Feral Interactive (Mac)
434650,Another Indie
393430,Iceflake Studios
71270,SEGA
200710,Runic Games
205100,Bethesda Softworks
349040,BANDAI NAMCO Entertainment
300,Valve
213670,Ubisoft
50130,2K,Feral Interactive (Mac)
334230,BlankMediaGames
319630,Square Enix,Feral interactive (Mac),Feral Interactive (Linux)
245620,Kalypso Media Digital
204880,Stardock Entertainment
449540,K Bros Games
451340,Code Horizon,PlayWay S.A.
80,Valve
288390
376210,Afterthought LLC
488790,Ubisoft
542650,Alekseev
22490
429660,BANDAI NAMCO Entertainment
35450,Tripwire Interactive
313160,Giants Software
455940,irritatingFLY studio
447820,New World Interactive
286690,Deep Silver
607890,BANDAI NAMCO Entertainment
251060,Focus Home Interactive
375450,"KOEI TECMO GAMES CO., LTD."
657200,HFM Games
304030,Trion Worlds
311690,Devolver Digital
47410,FireFly Studios
42710,Activision
592600,Konami Digital Entertainment  
24200,Daybreak Game Company
627270,WB Games
236110,Trendy Entertainment
438020,New Reality Games
1250,Tripwire Interactive
207890,SEGA
365670,Blender Foundation
307780,Warner Bros. Interactive Entertainment
42680,Activision,Aspyr (Mac)
108600,The Indie Stone
454180,Anea_Duo_Dev
454150,Firehawk Studios
564710,Armor Games Studios
361420,System Era Softworks
285190,SEGA,Feral Interactive (Mac),Feral Interactive (Linux)
10180,Activision,Aspyr (Mac)
113200,Edmund McMillen
287390,Deep Silver
581690
363890,Degica
357290,KishMish Games
204360,The Behemoth
374040,505 Games
269950,Laminar Research
217490
465650,Out of the Park Developments
641990,Team17 Digital Ltd
557400,Holyday Studios
537180,MOVE ON USA CO.
215080,Ankama Games
289130,SEGA
504730
42750
302830,Novalink
8870,2K,Aspyr (Mac)
204300,Ronimo Games
224260,Lever Games
706220
212160,NEXON Korea Corp. & NEXON America Inc.
558990,Zachtronics
3900,2K
589290,Anvil Game Studios
502520,Game-Labs
550470,Gameforge 4D GmbH
609150,Square Enix
496460,Bitbox Ltd.
32370,LucasArts,Aspyr (Mac),Disney Interactive,Lucasfilm
466170,Shugasu GmbH
9450,SEGA
203290,U.S. Army
306020,Ninja Kiwi
287450,Xbox Game Studios
42960,Paradox Interactive
610120,Anate Studio
650500
236690,Focus Home Interactive
439350
434170,"Jackbox Games, Inc."
370240,2K
427270,Robot Entertainment
2870,Egosoft
446150,"PlayStation Mobile, Inc."
234630,Slightly Mad Studios,BANDAI NAMCO Entertainment
249130,Warner Bros. Interactive Entertainment,Feral Interactive (Mac)
685310,Coconut Shavers
226860,Stardock Entertainment
236430,BANDAI NAMCO Entertainment,"FromSoftware, Inc"
47810,Electronic Arts
200260,Warner Bros. Interactive Entertainment,Feral Interactive (Mac)
238090,Rebellion
228280,Beamdog
285920,Payload Studios
210770,Coffee Stain Publishing
268420,Aeria Games
400,Valve
368070,CI Games
331470,Soviet Games
495910,Neople
312530,Adult Swim Games
238460,The Behemoth
311310,Game-Labs
321040
365960,Studio 397
581600,JDRumble
722060,Illwinter Game Design
365360,Overhype Studios
292730,Activision
70,Valve
212910
388660,JDRumble
368500,Ubisoft
24960,Electronic Arts
389300
225260,Double Fine Productions
211500,Sector3 Studios,RaceRoom Entertainment AG
40970,FireFly Studios
237310,KOG Games
33230,Ubisoft
333950,Keen Software House
541180
289650,Ubisoft
555830,Patagoniart
474960,Microsoft Studios
391040,Codemasters,Feral Interactive (Mac)
215280,Funcom
33350
666220,Unreal Software
404730
545580,Neon Green Pin Games
246620,Ndemic Creations
42700,Activision
332310,Warner Bros. Interactive Entertainment
212070,Gaijin Entertainment
366220,Plug In Digital
282440,Bethesda Softworks
299360,Toadman Interactive,Jagex
431560,Atriagames
22370,Bethesda Softworks
500,Valve
248390,Black Maple Games
619730
344760,Code}{atch
371660,Ubisoft
203140,Io-Interactive A/S,Feral Interactive (Mac)
562730,Badim
39120,Trion Worlds
571740,Perfuse Entertainment
619330,Alekseev
212200,Nexon America Inc.
482750
355840,Vostok Games
554620,Square Enix,Feral Interactive (Mac),Feral Interactive (Linux)
526290,TrisPix Studio
672680,Bytro Labs GmbH
274190,Devolver Digital
624140,SEGA
9420,Square Enix
636480,SteelRaven7
268400,Slitherine Ltd.
110800,Rockstar Games
412290,New Reality Games
221040,Capcom
48720,TaleWorlds Entertainment
414070,Atriagames
232890,FireFly Studios
39140,Square Enix
11020,Ubisoft
388080
22320,Bethesda Softworks
647830,Warner Bros. Interactive,Feral Interactive (Mac)
421020,Codemasters,Feral Interactive (Mac),Feral Interactive (Linux)
3590,"PopCap Games, Inc."
460920,Ubisoft
678800,Ninja Kiwi
463530,Slug Disco Studios
359870,Square Enix
420360,3D Avenue
209000,Warner Bros. Interactive Entertainment
578310,Desertkun
223830,Goldhawk Interactive
322110,Batterystaple Games
345350,Square Enix
323580,Thunder Lotus Games
280,Valve
326410,Tasharen Entertainment Inc.
17440,Electronic Arts
253900,Topware Interactive
533340,New Worlds Games
271360,Toplitz Productions
551670,NedoStudio
592490
721030,Papaya Play
311340,Konami Digital Entertainment
449140,treeform
15210,Ubisoft
514900,Aspyr
271290
319510,Scott Cawthon
233250
681840
552620,AtomTeam
1900,Topware Interactive,ACE
286000,Pocketwatch Games
466860,Pixel Gangsta Studio,Flying Interactive
420440,Killerfish Games
389280
650760
491260,Charyb Games
513570,Infernal Dream
235900,Degica
293760,Camshaft Software
238430,"Monochrome, Inc"
567780,Nuno Donato
402220,89AM Studio
354920,KISS ltd
397350,Rebellion
41500,Runic Games
463680
566050,Activision
375530,Creoteam
473470,New Reality Games
611790,"Eek! Games, LLC"
333640,Freehold Games
231350,UL
313010,Focus Home Interactive
268870,5 Lives Studios
288160,Fireproof Games
282560,Atari,RCTO Productions
467520,Eversim
394870,Black Lime Studio
348250,Google
554510,Maximum Games
292140,Square Enix
466300,Beamdog
478980,Fantasy Flight Games
233980,@unepic_fran
20540,SEGA
322460
314970,Noble Master LLC
465710,Camex Games
561610,Milestone S.r.l.
458960,BANDAI NAMCO Entertainment America
390100,RedFox Games
261470,Slitherine Ltd.
369140
280160,Lince Works
7830,1C Entertainment,1C-SoftClub
215530,NeocoreGames
319910,Frozenbyte
448070,Microblast Games
533180,Abstractive Works
113020,Pocketwatch Games
641780,The Drone Racing League
290790,Grey Box
442780,Devolver Digital
8850,2K,Feral Interactive (Mac)
24670,N3V Games
21100,Warner Bros. Interactive Entertainment
575550,Paradise Project
599460,INDIECN
391720,Aspyr
301910,Deep Silver
645260,Overgroup
740260,Hollowings
567250,!Lim studio
382080,Devdan Games
240320,OVALIS INVESTMENTS LIMITED
407000,Fixer Games
370540,Slitherine Ltd.
233800,Bohemia Interactive
364420,SmashGames
359310,Shiro Games
50650,Nordic Games
214340,Daedalic Entertainment
448470,Sometimes You
298900,Focus Home Interactive
455980,Suncrash
232050,Snowbird Games
13520,Ubisoft
261180,Team Reptile
251290,XSEED Games,"Marvelous USA, Inc."
15120,Ubisoft
420530,Degica
203630,Paradox Interactive
295550,1C Online Games
317600,Archaic Entertainment
268750,SmashGames
487270,André Bertaglia
213850,Wizards of the Coast LLC
335670,"Dingaling Productions, LLC"
9010,Bethesda-Softworks
576130,Lapovich Team
265210,RuneStorm
263060,IndieGala
290930,Filip Victor
307670,Good Shepherd Entertainment
669580,Ediogames
270370,Vortal Storm
3170,1C Entertainment
528210
360830,Team17 Digital Ltd
13230,"Epic Games, Inc."
424280,SnoutUp
223670
263540,Mad Otter Games
304530,Deep Silver
252870,Leafy Games
305260,505 Games
660160,Slitherine Ltd.
310470,Kalypso Media Digital
292180,Aerosoft GmbH
249650,Daedalic Entertainment
289930,astragon Entertainment 
331360
337150,Handelabra Games Inc.
667870,No Moon
625140,Gravity Interactive
296970,Abbey Games
412740,Dylan Fitterer
545650,Double Coconut
579950,Telltale Games
58610,Eugen Systems
414740,Starbreeze Publishing AB
228760,Ubisoft
538590,White Dog
457550,"Bigscreen, Inc."
545110,IObit
61700,Ubisoft
670880
712840,Paradise Project
363360,Split Polygon
420790,Crunchy Games
335620,Trese Brothers
368360,Robot Gentleman
370730,"KOEI TECMO GAMES CO., LTD."
570420,Egosoft
73010,Paradox Interactive
204340,Devolver Digital
393080,Activision
201700
454510
523120,MAGIX Software GmbH
382900,Square Enix
239120,Square Enix
71250,SEGA
63910,1C Entertainment
513620,Sometimes You
22350,Bethesda Softworks
485980,Cats Who Play
252110,Asteroid Base
98800,"Gaslamp Games, Inc."
505040,RTK Entertainment
316790,Double Fine Productions
555160,davevillz
3720,Rebellion
253430,DigitalDNA Games LLC
285010,DL Softworks
238750,Ubisoft
577230,LongYou Tech Ltd
546400,White Dog
293780,Powerhoof
321410,Slitherine Ltd.
460120,Idea Factory International
15320,1C Entertainment
506610,Scott Cawthon
404680,Runic Games
353270,Idea Factory,Idea Factory International
436320,Survios
6800,Kalypso Media Digital
745880,"Mediascape Co., Ltd."
214420,Doctor Entertainment AB
551730,"KOEI TECMO GAMES CO., LTD."
48210
383180,Deep Silver
262940,Revolution Software Ltd
503770,Wenkly Studio Sp. z o.o.
25000,Wolfire Games
550340,MangaGamer
6910,Square Enix
460870
41010,Devolver Digital
485420,Dagestan Technology
327140,Google
224760,Trapdoor
3480,"PopCap Games, Inc."
315460,Gaddy Games
224500,Robotronic Games
233720,Bossa Studios
16450,Warner Bros. Interactive Entertainment
8000,Square Enix,Feral Interactive (Mac)
50620,THQ Nordic
203680,Codemasters
13260
452570,Adult Swim Games
258030
224060
363090,"KOEI TECMO GAMES CO., LTD."
580200,Prideful Sloth
67370,2K
562810,Ubisoft
434030,IPACS
337950,Eforb
457710,Faton
263760,Secret Exit Ltd.
404540,Housemarque
583470,Edmund McMillen,Tyler Glaiel
427720,AGM PLAYISM
15700,Oddworld Inhabitants
412050,Zenz VR
703700,NVLMaker
10270,Kalypso Media Digital
388880,Night School Studio
254300,Ankama Games
528200,MAGIX Software GmbH
219830,Transhuman Design
206440,Freebird Games
248860,Blue Bottle Games
65790,Bohemia Interactive
39190,Square Enix
569860,Terrible Toybox
12150,Rockstar Games
25830,Paradox Interactive
41000,Devolver Digital
397100,G2CREW
311770,Disney Interactive
468070,Isokron
269330,Bedtime Digital Games
260430,Digital Leisure Inc.
577940,Xbox Game Studios
327860,Lavaboots Studios
340000,Adult Swim Games
251950,Cornered Rat Software
22130,Paradox Interactive
92800,Zachtronics
104900,DANKIE
237850,Red Thread Games
327090,Space Boat Studios
394230,2K
461880,Sometimes You
603780
1200,Tripwire Interactive
368230,Raw Fury
595420,Out of the Park Developments
21000,Warner Bros. Interactive Entertainment
236090,Xbox Game Studios
317360,Double Action Factory
282400,THQ Nordic
449800,"KOEI TECMO GAMES CO., LTD."
11450,Codemasters
40700,Amanita Design
517160,Toast
521150,The Quadsphere
24840,Electronic Arts
580420,KrupinskiArt
430440
625950,Lestyo
57730,Kalypso Media Digital
384740,Ionized Games
425580,Fireproof Games
527100,Ubisoft
205990,Paradox Interactive
298030,Wargaming.net
500710,Juvty Worlds Ltd.
259020
492130,Efimov Max
421050,Daedalic Entertainment
312750,Square Enix
464060,Devolver Digital
527270,"KOEI TECMO GAMES CO., LTD."
453090,Texel Raptor
435400,Adriaan de Jongh
13210,"Epic Games, Inc."
542480,Virtys
232010,SCS Software
2810,Egosoft
338180,Abyss Lights Studio LLP
454080,David Mulder
70400,Carpe Fulgur LLC
33340,Ubisoft
235800,Dylan Fitterer
7760,2K
243950,Larian Studios
239840,DoubleBear Productions
308040,Bedtime Digital Games
629690,"Fatbot Games, s. r. o."
322520,"KOEI TECMO GAMES CO., LTD."
313780,Iceberg Interactive
522470,Blue Brain Games
228300,Capcom
385730,2K
235320,Bohemia Interactive
350110,astragon Entertainment 
449630
507300,2tainment GmbH
234710,Telltale Games
231060,Gravity Interactive
639790,Neko Climax Studios
32500,LucasArts,Lucasfilm,Disney Interactive
345240,SEGA
317820,Versus Evil
312280,BlueLine Games
681820
311260,THQ Nordic
501800
504210,Zachtronics
682130,Robert Borghese
247020,Vertigo Gaming Inc.
339340,"CAPCOM Co., Ltd."
416270
322920,Expansive Worlds,Avalanche Studios
287260,Codemasters
335360
46500,Microids
445880
384190,505 Games
375950,Ice Water Games
221540,505 Games
324510,Square Enix
385380,Permadeath
57900,2K
467000,New Reality Games
448500,Blake Fix
441550,LucasArts,Lucasfilm,Disney Interactive
274900,JForce Games
423230,The Game Bakers
256290,Ubisoft
296470,Stegersaurus Software Inc.
236150,Iceberg Interactive
343780
2100,Ubisoft
213120
8600,SimBin
299460,Chubby Pixel
70600,Team17 Digital Ltd
417860,Kyle Seeley
224480,Young Horses
216890,Focus Home Interactive
39200,Square Enix
216260,Big Ant Studios
425220,BANDAI NAMCO Entertainment
292910,Daedalic Entertainment
581620
220740,Daedalic Entertainment
244730,Iron Galaxy
215100,Gravity Interactive
362680,Killmonday Games AB
328080,SixtyGig Games
370360,Zachtronics
12250
446020,Excalibur Games
314410,Rake in Grass
9340,SEGA
237870,Pathea Games
301320,Mad Data GmbH & Co. KG
340050,Ginormocorp Holdings Ltd
448080,"Jackbox Games, Inc."
323220,Nuke Nine
583010,VoiceAttack.com
2620,Activision
252410,Image & Form Games
231160,Facepalm Games
32360,LucasArts,Lucasfilm,Disney Interactive
486780,Halfbrick Studios Pty Ltd
561600,Milestone S.r.l.
314790,Daedalic Entertainment
474050,White Rabbit Games
362490,Bare Mettle Entertainment
368340,Deck13,WhisperGames,DANGEN Entertainment,Mayflower Entertainment
107200,MinMax Games Ltd.
394760,App Holdings
254100,Topware Interactive
312520,Adult Swim Games
460810,SEGA
593030,Slitherine Ltd.
555220,RedCandleGames,AGM PLAYISM
130,Valve
19930
512770,Merlin Beer
424030,Campfire Games
504880,DL Softworks
407330,Winged Cloud
21090,Warner Bros. Interactive Entertainment
222440,SNK CORPORATION
225080,505 Games
591370,Positech Games
570770
639170,Telltale Games
323610
221260,Tomorrow Corporation
12320,Strategy First
527290,"KOEI TECMO GAMES CO., LTD."
657860
407190,2tainment GmbH
319730
272230,Devolver Digital
385800,Sekai Project
202200,Stardock Entertainment
300570,Zachtronics
718650,Star Drifters
378200
39160
227180
224540,Jagex
336510
57640,Revolution Software Ltd
618970,Bigben Interactive
429280,8Floor
345390,Sierra
477980,!Lim studio
45770,Capcom
39000,NASA
405640,Daniel Mullins Games
665180,Paradise Project
494670,astragon Entertainment
416450,Pixel Federation
303720,8Floor,Beatshapers
265610,Matt Roszak
354850
497180,Activision Value Inc.,ImageCode
95400,Sparpweed
2800,Egosoft
735280,Sixteen Tons Entertainment
338170,Rising Star Games
314520,Dovetail Games - Fishing 
368590,K Bros Games
356570,tinyBuild
2760,Atari
357190,"CAPCOM U.S.A., INC."
239250,Konami Digital Entertainment
323910
455130
501690
581630,Diatomic Games
559500
365300,Self Published
475190,Introversion Software
482770,SEGA
418250,Slitherine Ltd.
241260,Focus Home Interactive
24870,Electronic Arts
574620
513510,KHB-Soft
351710,Idea Factory,Idea Factory International
72200,Giant Army
357780,Alda Games
382490,Rogue Snail
607880,BANDAI NAMCO Entertainment
8140,Square Enix
251110,Loiste Interactive
444490,New Reality Games
528510,Back To Basics Gaming
485950,KishMish Games
347560,Back To Basics Gaming
506670,Ardi Studio
485830,New Worlds Games
465760,Flazm
19680
7510,Topware Interactive
475220,André Bertaglia
222730,Abbey Games
249590,Rain Games
511800,Pragmatix Ltd
208520,Kalypso Media Digital
552920,The Irregular Corporation
278890,Alastair John Jack
344880,Conflux Games
546200,8Floor
447880
333300,Thomas Biskup
614910,Paleno Games
464850,Big Ant Studios
113420,Little Orbit
443940,RenPen
639780,Neko Climax Studios
424370,WOLCEN Studio
561340,DyingCat
681810
233290,Square Enix
314660,"Oddworld Inhabitants, Inc."
619520,Vyacheslav Shilikhin
562010,APL Publishing Ltd.
623550,REX PEX GAMES
410380,Hex Entertainment
410900,EarthWork Games
40390,Deep Silver
483770,Aerosoft GmbH
429790,"Artix Entertainment, LLC"
746910,Jakal Studios
467120,Magicbane
527230,Curve Digital
254200,Digital Tribe
418030,ColdGames
504050,Craneballs
217200,Team17 Digital Ltd
313340,Double Fine Presents,David OReilly
63950,1C Entertainment
496680,Sometimes You
546660,SGTTB_Studios,Phanom Games
338530,Charyb Games
563120,New Reality Games
40300
414290,EfimovMax
640100
71340,SEGA
635200,Alawar Premium
40800
445310,Ubisoft
463220,New Reality Games
293180,Microblast Games
382110,Guy Godin
595340
331790,New Reality Games
454910,Aeria Games
410340,LuGus Studios
606800,Hovgaard Games
7520,"Topware Interactive, ACE"
285160,Warner Bros. Interactive Entertainment,Feral Interactive (Mac)
262150,eigoMANGA
265550,Capcom
581030,Atomic Fabrik,Cristian Manolachi
438030,New Reality Games
47780,Electronic Arts
428630,Infernal Dream
465240,Devolver Digital,Croteam
464340,Microids
440650,Stray Fawn Studio
616560,Brilliant Game Studios
242700,Warner Bros. Interactive Entertainment
469730,Back To Basics Gaming
223850,UL
302510,Crytek 
604500,Extreme Developers
356500,Disney Interactive,Lucasfilm,LucasArts
223710,Team Psykskallar
212480,SEGA
434570,Grunge Games LTD
507390,Sometimes You
585900,Natsume Inc.
218680,Warner Bros. Interactive Entertainment
377530
35700,Frozenbyte
575840,Sometimes You
3990,2K
266510,Defiant Development
209870,"Hardsuit Labs, Inc."
214170,Larian Studios
400740,Infernal Dream
393530,PlayFlock
452060,The Yogscast
312990,Devolver Digital
471010,IMGN.PRO
265300,CI Games
640590,Warner Bros. Interactive Entertainment
17470,Electronic Arts
448280,Owlchemy Labs
384180,505 Games
290730,ELYLAND  INVESTMENT COMPANY Ltd
261030,Skybound Games
216250
259080,Square Enix
607200,AlternativaPlatform Ltd.
554530,Displacement Studios
407530,Studio Wildcard
419480,Iceberg Interactive
598330,LVGameDev LLC
564530,Activision
571260,SNK CORPORATION
235400,Nival
289520,1C Entertainment
495780,Sometimes You
3920,2K
237110,Warner Bros. Interactive Entertainment
525300,IR Studio
367670,Koga Tech Limited
15100,Ubisoft
43110
619080,"Outpost Games, Inc."
574070,ToHeroes Game Studios LLC
4850,GSC World Publishing
462770,Supergiant Games
717790,DistrictWare inc.
412830,"Spike Chunsoft Co., Ltd."
209080,Muse Games
200170,Team17 Digital Ltd
32800,Warner Bros. Interactive Entertainment
343360,Microblast Games
596690,Vyacheslav Shilikhin
535230,DolphinBarn
383870,Panic,Campo Santo
363680,Focus Home Interactive
284950,DL Softworks
298240,"Rocketeer Games Studio, LLC"
267530,Warner Bros. Interactive Entertainment,Feral Interactive (Mac)
263500,Versus Evil	
228380,THQ Nordic
457590,Subagames
287920,Star Vault AB
252610,Rocketcat Games
327690,Perfect World Entertainment
337320,South East Games
266410,iRacing.com Motorsport Simulations,iRacing
562080,tinyBuild
493730,LEVER Software,Enjoy Games
565860,VladCastillo
34460,2K
248170,Clickteam
225640,Deep Silver
108800,Electronic Arts
447530,Ysbryd Games,AGM PLAYISM
536220,Skybound Games
329000,New Reality Games
208090,Edge of Reality
509110,Back To Basics Gaming
405900,"NIS America, Inc."
213610,SEGA
617830,SUPERHOT Team
510510,2K
323850,Those Awesome Guys
511680,XSEED Games,"Marvelous USA, Inc.",Marvelous
9930
287680
547680,Hyper Hippo Games
329050,"CAPCOM Co., Ltd. "
667600,Infinite Dreams
621880,Ntroy LTD
226580,Codemasters
43160,Deep Silver
251150,XSEED Games,"Marvelous USA, Inc."
287980,Dinosaur Polo Club
281640,Versus Evil
597220,Asymmetric
665360,Lighthouse Games Studio
274520,Acid Wizard Studio
507490,Stardock Entertainment
24240,Daybreak Game Company
28050
282900,"Idea Factory International, Inc.","IDEA FACTORY Co., Ltd."
524580,Idea Factory International
553640,X.D. Network Inc.
356040,Team17 Digital Ltd
7600,2K,Feral Interactive (Mac)
410110,HypeTrain Digital
482850
654880,Game Grumps
474750,Devolver Digital
533780,Home Net Games
433350,Papaya Play,Vertigo Games America
285330,Atari
471550,Frozenbyte
393100
241540,Xbox Game Studios
40990,2K
375010,Sometimes You
258010,Triple.B.Titles
108710,Remedy Entertainment
602940,StarSystemStudios™
581670,Ardi Studio
257850,Heart Machine
614860,Winking International 
526160,HypeTrain Digital
48000,Playdead
439700,Daybreak Game Company
341000,Eggcode
351510,"Jackbox Games, Inc."
459220,Xbox Game Studios
315660,Deep Silver
467370,Four Winged Studio
4560,SEGA
457330,Cruderocks
10680,SEGA
391460,Novalink
25900,1C Entertainment
372360,BANDAI NAMCO Entertainment
467960,TPP Studio
597170,Doborog Games
292990,"KOEI TECMO GAMES CO., LTD."
630,Valve
425160,2D Heroes
588220,Ubisoft
250320,Telltale Games
7670,2K
281610,Gearbox Publishing
214510,Warner Bros. Interactive Entertainment
562430,Four Winged Studio
257170,Northway Games
243970,Klei Entertainment
304430,Playdead
282140,Frictional Games
723790,Home Net Games
433530,Klabater
217750,Funcom
443810,THQ Nordic
501300,Annapurna Interactive
593280,PQube Limited
399000,CleanWaterSoft
7620
330830,Telltale Games
402430,Out of the Park Developments
215830,En Masse Entertainment
204030,Xbox Game Studios
357900,Sometimes You
251730,Almost Human Games
503560,Games Operators,PlayWay S.A.
317470,Cosmic Cow LLC
342310,Merge Games
25800,Paradox Interactive
208200,Bethesda Softworks
683900,"Atari, Inc."
649900,"Riposte Games & Co, Inc"
252470,MinMax Games Ltd.
423580,Kasedo Games
238370,Paradox Interactive
424840,BANDAI NAMCO Entertainment
115320,Activision
259680,Netcore Games
237990,Versus Evil
659460,Triple Rush Games
410980,Wargaming Labs
476460,jgallant
327070,Black Eye Games
17300,Electronic Arts
207170,Almost Human Games
564230,"Spike Chunsoft Co., Ltd."
748370,raptor lab
3330,"PopCap Games, Inc."
258970,WB Games
32430,LucasArts,Aspyr (Mac),Lucasfilm,Disney Interactive
581130,"Shanghai JingCai Computer Software Development Co., Ltd"
592260,Pyromancers.com
19900,Ubisoft
354290,"CRAZYDIAMOND CO., LTD."
339280,S2 Games
386620,Vertigo Gaming Inc.
597840,DesktopPaints LLC
345260,SEGA
507400,Sometimes You
610670,azimut team
539440,Sometimes You
235460,Konami Digital Entertainment
398850,Fishing Cactus,Plug In Digital
376870,Telltale Games
757570,Bethesda Softworks
697610,Upturn Games
438140,White Wizard Games
250760,Yacht Club Games
314980,BattleGoat Studios
12200,Rockstar Games
317400,Prism Game Studios Ltd.
510630,Soccer Manager Ltd
303390,Microblast Games
463100,Sometimes You
406290,Asmodee Digital
107100,Supergiant Games
322190,Image & Form Games
400910,Sekai Project
222480,Capcom
240760,inXile Entertainment
568770,Dicesuki
34270,SEGA
451130,Blaze Gamers
2600,Activision
619310,Glyph Worlds
224900,Topware Interactive
269470,Screaming Bee
475550,Alawar Premium
345180,EuroVideo Medien
619340,NEZOS GAMES
354830
259060,Illwinter Game Design
582550,Flamebait Games
245470,Positech Games
502370,Slitherine Ltd.
222750,Eugen Systems
619910,nanos GbR,Square Enix
624910
495280,"NIS America, Inc."
206210,Warner Bros. Interactive Entertainment
17520
304240,"CAPCOM Co., Ltd."
453980,Fifth Dimension Company
215930,Topware Interactive
18500,Hidden Path Entertainment
321400,Supra Games
306760,Cyan Inc.
6860,Io-Interactive A/S
380840,Teeworlds Team
632300,Perun Creative
423710,New Reality Games
322780,Bossa Studios
510660,European Games Group AG
484900,Team17 Digital Ltd
466910,Freakinware Studios
7200,Ubisoft
437920,WeirdBeard
318020,Focus Home Interactive
620130,QuickSave
464350,Screeps
17430,Electronic Arts
381990,Gravity Interactive
509240,Atriagames
502800,XSEED Games,"Marvelous USA, Inc.",Marvelous
522230,Robot Riot UG (haftungsbeschränkt)
621830,Bigben Interactive
250340,Step 1 Games LLC
23310,Square Enix
220260,Giants Software
468920,Ultimate Games S.A.,PlayWay S.A.
233840,Team17 Digital Ltd
633880,EHTechnology
221910,Galactic Cafe
349720,Redbana Corporation
300080,SEGA
452230,Kongregate
248610,KillHouse Games
40980,FireFly Studios
235380,Nival
528740,Hunted Cow Studios
575720,Panoramik Inc
598960,Jan Zelený
533150,CharlieH
400170,NeocoreGames
427730,Evil Tortilla Games
204450,Techland Publishing
543460,Capcom
542340,StalkerAlex.
253490,ESTsoft Inc.
365450,Fellow Traveller
55140,THQ Nordic
741260,X.D. Network Inc.
442120,Zen Studios
383800,Raconteur Games
344230,DL Softworks
426000,HuniePot
57300,Frictional Games
250400,505 Games
457730,Zillion Whales
547960,Amaterasu Software
385070,New Reality Games
552590,Tequila Works
234670,BANDAI NAMCO Entertainment
205610,Kalypso Media Digital
1930,Topware Interactive
491650,New Reality Games
304410,Matthew Brown
34440,2K
361280,Gamious
571310,Image & Form Games
449680
564310,Devolver Digital,Croteam
12750
218640,Shiver Games
441960,SCS Software
206190,Suspicious Developments
579230,Synnergy Circle Games
458710,Ironhide Game Studio
291860,The Behemoth
345090,Moonlight Mouse
414700,Red Barrels
100,Valve
622920,BrainStrainStudios
650000,Bethesda Softworks
377310,Back To Basics Gaming
6000,LucasArts,Lucasfilm,Disney Interactive
4570,SEGA
735570,PsychoFlux Entertainment
264200,Silver Dollar Games
498240,Telltale Games
9350,Square Enix
204120,Warner Bros. Interactive Entertainment
225420,Paradox Interactive
329130,Indie Voyage
732430,GrizzlyGames
20500,THQ Nordic
602520,Sekai Project
609940,Ankama Games
418650,I-Illusions
406150,Dominique Grieshofer
32510,LucasArts,Lucasfilm,Disney Interactive
57740,THQ Nordic
47400,FireFly Studios
467010,New Reality Games
246420,Ironhide Game Studio
20570,SEGA,Feral Interactive (Mac/Linux)
378370,Diminished Studios
1280,Darklight Games
214560,Microsoft Studios
431180,eduweb
675260,Telltale Games
202170,Square Enix
286570,Codemasters,Feral Interactive (Linux)
404590,Kalypso Media Digital
581100,Sometimes You
397950,tinyBuild
596650,Panoramik inc
648430,Hi-Rez Studios
394310,tinyBuild
16700,SouthPeak Games
65540,THQ Nordic
324270,Polygon Art
423770,John Wizard
250520,Stygian Software
330840,Telltale Games
17410,Electronic Arts
570780
20,Valve
585410,YoYo Games Ltd.
325600
237930,Supergiant Games
50,Valve
527430,NeocoreGames
442070,"Jackbox Games, Inc."
568810
492090,STUDIOARTDINK,Degica
55150,SEGA
578620,Devolver Digital
45740,Capcom
7610
12810,Codemasters
2990,Strategy First
574810,Vyacheslav Shilikhin
507360,Magicbane
470220,Ubisoft Entertainment
269770,Pixel Ferrets
255480
367540
388750,"H2 Interactive Co., Ltd."
346120,Spasman Games
363930,Headup
435030,FIVE-BN GAMES
350640,Bigben Interactive
658980,encurio,Rok Entertainment
608560,YarGri,EHTechnology
228260,Stardock Entertainment
238260,FarSight Studios
392950,FIVE-BN GAMES
3620,"PopCap Games, Inc."
637100,SEGA
327400,Retroism,Nightdive Studios
694130,upjers
244030,Bohemia Interactive
245490,Ubisoft
517790,Activision
311730,"KOEI TECMO GAMES CO., LTD."
410590
213330,Warner Bros. Interactive Entertainment 
300790,SmiteWorks USA LLC
547900,Solecismic Software
234080,Konami Digital Entertainment
50300,2K,Missing Link Games
559650,Daedalic Entertainment
333600,Sekai Project
34830,CI Games
715310,Acute Games
22600,Team17 Digital Ltd
438490,BANDAI NAMCO Entertainment
588210,Zero Gravity
422900,Knuckle Cracker
561590,KISS ltd
6030,LucasArts,Aspyr (Mac),Lucasfilm,Disney Interactive
418340,Rooster Teeth Games
239070,Crackshell
578260,Blaiz Entertainment
218510,Topware Interactive
12100,Rockstar Games
288140,"Perfect.Golf, Inc."
300380,Tripwire Interactive
435440,FX Games Media
332070,"JumpStart Games, Inc."
12140,Rockstar Games
17570,Octoshark Studios
206500,Carbon Games
421040,VaragtP
486310,Might and Delight
384490,Paradox Interactive,Bandai Namco
242550,Ubisoft
381640,Mail.Ru
604160
351940,Microids Indie,Microids
244770,"Schine, GmbH"
314150,DotEmu
525920,Focus Home Interactive
298050,Wargaming Labs
8190,Square Enix
24780,Electronic Arts,Aspyr (Mac)
329430,Xbox Game Studios
565380,Panoramik Inc
558100,Game Science
366440,"S2 Games, LLC"
418240,Daedalic Entertainment
600750,Disruptor Beam Inc.
231120,SCS Software
238010,Square Enix,Feral Interactive (Mac)
207140,tinyBuild
459510
493900,Kalypso Media Digital
234330,D3 Go!
257350,Beamdog
202970,Activision
296870,Asteristic Game Studio
265630,Fistful of Frags Team
563560,Reactive Drop Team
572410,Paradox Interactive
463110,Sometimes You
224580,Bohemia Interactive
362960,Paradox Interactive
418370,"CAPCOM Co., Ltd."
206480,"Standing Stone Games, LLC"
414340,Ninja Theory
268050,Bethesda Softworks
385770, 
350080,Bethesda Softworks
355180,Hoobalugalar_X
313120,Beam Team Pty Ltd
595280,Imperium42® Game Studio
225840,Sven Co-op Team
201310,Egosoft
552700,Square Enix
389570,Freakinware Studios
463710,Sometimes You
289950,astragon Entertainment
239350,Mossmouth
41700,GSC Game World
585790,Maximus.ez
514660,Sometimes You
274920,Holotech Studios
526580
614570,Bethesda Softworks
239820,Greenheart Games
320300,PlayWay S.A.
39540,THQ Nordic
509930,Anamik Majumdar
312450,Slitherine Ltd.
436150,Azerion,Youda Games Holding B.V.
307690,SQUARE ENIX,Feral Interactive (Mac)
207610,Skybound Games
99900,"Grey Havens, LLC"
274940,Digital Confectioners
249050,SEGA
403190,Madruga Works
409710,2K,Feral Interactive (Mac)
410320,D3 PUBLISHER
552100,Lukas Rustemeyer
242860,M2H
24980,Electronic Arts
224600,Trion Worlds
448780,KishMish Games
690510,O'olBlue Inc.
2700,Atari,Aspyr (Mac)
610180,"Jackbox Games, Inc."
102500,38 Studios,Electronic Arts
664430,2K
480650,"Konami Digital Entertainment, Inc."
636040,Kukouri Mobile Entertainment
268650,Brilliant Skies Ltd.
209170,Activision
387290,Xbox Game Studios
285900,Double Fine Presents
238320,Red Barrels
611500,Bethesda Softworks
270150,Osumia Games
40100,Square Enix
405310,Warner Bros. Interactive Entertainment,Feral Interactive (Mac)
352400,Warner Bros. Interactive Entertainment,Feral Interactive (Mac)
528300,Meridian4
454690,Sometimes You
208480,Ubisoft
486150,New Reality Games
57690,Kalypso Media Digital
386070,Planetary Annihilation Inc
378540,Focus Home Interactive
21690,Capcom
56400,SEGA,Feral Interactive (Mac/Linux)
375910,Ubisoft
394510,"PlayStation Mobile, Inc."
668630,SakuraGame
582500,Total Mayhem Games
624220
17460,Electronic Arts
241560,Ubisoft
253940,Topware Interactive
4500,GSC Game World
44350,Codemasters,Feral Interactive (Mac)
397060,Versus Evil
48240,Ubisoft
406090,Thorngames
438640,Warner Bros. Interactive Entertainment,Feral Interactive (Mac)
547040,Patagoniart
444460,New Reality Games
341380,HCPGames
557780,R-Age
214490,SEGA,Feral Interactive (Mac),Feral Interactive (Linux)
489520,BetaDwarf
368900
391660,New Reality Games
248820,Chucklefish
242680,Vlambeer
705220,Camex Games
635260,CarX Technologies
552110,"Grey Havens, LLC"
2820,Egosoft
375960
384480,Cybernetik Design
402570,Trion Worlds
4920,Unknown Worlds Entertainment
461910,Panoramik Inc
273350,2K
278080,"KOEI TECMO GAMES CO., LTD."
6020,LucasArts,Aspyr (Mac),Lucasfilm,Disney Interactive
585560,Tero Lunkka
232910,Ubisoft
48190,Ubisoft
346940,Paradox Interactive
39150,Square Enix
276810,Focus Home Interactive
339800,HuniePot
35140,Warner Bros. Interactive Entertainment,Feral Interactive (Mac)
432150
35720,Frozenbyte
220700,Degica
223100,Deep Silver
575570,Anea_Duo_Dev
251040
530700,Bohemia Interactive
230290,Giant Army
311560,Ubisoft
403560,Back To Basics Gaming
63380,Rebellion
616360,EHTechnology
312060,Square Enix
17480,Electronic Arts
223750,The Fighter Collection
456670,Defiant Development
462930,Hyper Hippo Games
48220,Ubisoft
704040,Autotelic Games LLC
448510,Team17 Digital Ltd
644560,Paradise Project
505460,Clapfoot
544730,United Soft Media
316390,Cybertime System
3830,Double Fine Productions
383980,Dan Fornace
397460,"Jackbox Games, Inc."
205710,Daybreak Game Company
265930,Coffee Stain Publishing
496690,Sometimes You
466580,Marco Tancredi
414530,My.com
285310,Atari
525480,BANDAI NAMCO Entertainment
233860,Lo-Fi Games
431730,Igara Studio
371460,8Floor
462030,Riviysky
47870,Electronic Arts
342970,Patagoniart
300550,Paradox Interactive
274170
310380
402710,Reverb Triple XP
39500,THQ Nordic
428690,U-Play Online,Raiser Games
320,Valve
568220,Project Moon
413420,"Spike Chunsoft Co., Ltd."
25890,Paradox Interactive
321960,Ubisoft
436520,BlackSpot Entertainment
575860,Amaterasu Software
513590,NewRealityGames
301120,SEGA
288570
326360,AIGRIND
527770,Sometimes You
357310,Iceberg Interactive
386940,Clever Endeavour Games
362890,Crowbar Collective
574640,RandomSpin
4580,SEGA
534500
360170,505 Games
538680,XSEED Games,"Marvelous USA, Inc."
65800,Trendy Entertainment
631530,Vyacheslav Shilikhin
734580,Thunder Devs.
254700,Capcom
420,Valve
257510,Devolver Digital,Croteam
20510,GSC World Publishing
24720,Electronic Arts
321360,Circle Five Studios
290340,League of Geeks
91310
555920,Infernal Dream
282800,Fruitbat Factory
218
34220
493490,"Forward Global Group, Ltd."
400040,ShareX Team
622650,Joey Drew Studios Inc.
78000,"PopCap Games, Inc."
460790,SEGA
219780,Larian Studios,Focus Home Interactive
40950,FireFly Studios
443110,My.com
355790,Focus Home Interactive
486480,Tero Lunkka
262410,Noble Empire Corp.
223470,Running With Scissors
12110,Rockstar Games
323470,BANDAI NAMCO Entertainment
17450,Electronic Arts
512020,GamersHype Productions
375230,Behaviour Interactive Inc.
239030,3909
397340,"Jundroo, LLC"
247080,Brace Yourself Games,Klei Entertainment
258700,Cherry Credits
524660,Rutony Studio
388410,THQ Nordic
239160,Square Enix,Feral Interactive (Mac)
376570,NCSOFT
373930,Kalypso Media Digital
39550,THQ Nordic
244160,Gearbox Publishing,Aspyr (Mac)
353640,Flazm
292120,Square Enix
351970,BANDAI NAMCO Entertainment
243470,Ubisoft
662320,"RED DUCK, INC."
15620,SEGA,Feral Interactive (Mac/Linux)
204100,Rockstar Games
331670,"Jackbox Games, Inc."
542550,PanGuoJun
214850
17500,Zombie Panic Team
578330,TT Games
38400,Bethesda Softworks
445190,THQ Nordic
485390,Sometimes You
633460,M2H
591960,Kongregate
34870,CI Games
208140,SEGA
307960,1C Game Studios
324080,JIW-Games
201790,Robot Entertainment
39680,THQ Nordic
378720,MuHa Games
40960,FireFly Studios
298630,Team17 Digital Ltd
24790,Electronic Arts
313690,WB Games,Feral Interactive (Mac)
427100,Aerosoft GmbH
235600,Ubisoft
462780,THQ Nordic
600600,EcoGames
377840,Square Enix
450540,RUST LTD.
493840,Capcom
717640,Devolver Digital
291410,BANDAI NAMCO Entertainment America
108200,Days of Wonder,Asmodee Digital
45760,Capcom
9200,Bethesda Softworks
21970
227320,YouNeedABudget.com
541210,Killerfish Games
587260,Aksys Games
584400,SEGA
397580,PatchNoteStudio
599100,Atriagames
428950,Back To Basics Gaming
471710,Against Gravity®
634160,Falcon Development
496300,Raw Fury
392780,Lantana Games
288470,Xbox Game Studios
16810,2K
537800,Curve Digital
395380,KrupinskiArt
268130,Suspicious Developments
234650,Paradox Interactive
228180,Mirillis
262280,Kalypso Media Digital
402170,Art-Pulsar
248570,"Nicalis, Inc."
576050,SharF Co.
235340,Nival
726390,PuzzleRoo
242640,Focus Home Interactive
629030,Idea Cabin
532030,Eternity Studios
388440,The Light Sword Team
527800,Artur Rezende
567640,"Spike Chunsoft Co., Ltd."
467390,Dymchick1
253250,(none)
500940,PSY LABS
386700,Vertigo Gaming Inc.
342180,Vertigo Games
515690,Back To Basics Gaming
41070,Devolver Digital
606050,Lestyo
382850
217980
626010,Kongregate
33910
255220,Codemasters,Feral Interactive (Mac),Feral Interactive (Linux)
620940,Retrific
539450,Sometimes You
214730,1C Entertainment
673610,Apoapsis Studios
201230,Daybreak Game Company
383080,Winged Cloud
451020,THQ Nordic
447990,The Light Sword Team
503820,Amaterasu Software
413410,"Spike Chunsoft Co., Ltd."
280220,Knuckle Cracker
2630,Activision,Aspyr (Mac)
209160,Activision
487120,Blue Isle Studios
233130,Devolver Digital
582430,Maximus.ez
420290,Mastfire Studios Pty Ltd
42910,Paradox Interactive
9880,Perfect World Entertainment
361800,oddonegames
302670,Digitalmindsoft
7940,Activision,Aspyr (Mac)
302590,Subvert Games
380,Valve
415960,Sometimes You
360450,Flying Interactive
520440,Arc System Works
32440,LucasArts,Lucasfilm,Disney Interactive,Feral Interactive (Mac)
461890,Sometimes You
252150,Spicyhorse Games
586140,"H2 Interactive Co., Ltd."
33250
253230,Gears for Breakfast
396750,ROCKFISH Games
244930,Crytek
383580,S.C. 16 BIT NIGHTS S.R.L.
250820
208500,Codemasters
601340,AL-GAME
390670,Changyou.com Limited
324800,Devolver Digital
245170,Marvelous,Autumn Games
606330,IceTorch Interactive
247000,Asmodee Digital
354640,Ubisoft
241600,Cellar Door Games
589870,Light Bringer Games inc.
412600,Back To Basics Gaming
287290,"CAPCOM Co., Ltd."
331600,BANDAI NAMCO Entertainment
619400,Amaterasu Software
38410,Bethesda Softworks
448640,New Reality Games
591560,New Reality Games
481510,Finji
519190,Last Level
210970,"Thekla, Inc."
261110,Deep Silver
201870,Ubisoft
253880,Topware Interactive,ACE
39510,THQ Nordic
491530,Aerosoft GmbH
296490,Armor Games Studios
366090,Pipliz
644930,Numantian Games
448630,New Reality Games
450390,Valve
219150,Devolver Digital
261570,Xbox Game Studios
222940,SNK CORPORATION
293260,Blue Manchu
246900,RuneStorm
332570,Fayju
591740,Gameloft
629280
705120,NEXT Studios
369990,The Merchant Guild of Rund (Limited)
249230,Deep Silver
230190,Brightrock Games
351030,DL Softworks
376730,D-Games
535260,BadWolf Games
24810,Electronic Arts
341800,Steel Crate Games
655780,Tasharen Entertainment Inc.
732730,"Rocketeer Games Studio, LLC"
530070,Dovetail Games - TSW
322500,SUPERHOT Team
12220,Rockstar Games
10540,SEGA
512470,Home Net Games
509840
528070,8Floor
493370,Gravity Interactive
271240,Stardock Entertainment
515470,Back To Basics Gaming
745
324310,astragon Entertainment
282350
290300,Double Damage Games
301640,Rebellion
644570,Paradise Project
400250,Chubby Pixel
409720,2K
9480,Deep Silver
425340,Black Shell Media
24740,Electronic Arts
463210,New Reality Games
24800,Electronic Arts
480430,Funcom
209660,Activision
283640,Ska Studios
428900,KHB-Soft
523150,8Floor
383150,Deep Silver
372800,Marxnet
427490,Positech Games
220440,Capcom
15370,Ubisoft
401870
326160,Portalarium
30,Valve
22300,Bethesda Softworks
431600,Reiza
223330,Akella
272270,inXile Entertainment
327030,Team17 Digital Ltd
438010
294860,SEGA
444480,New Reality Games
263560,Ultra Runaway Games
596350
296300,Aquiris Game Studio
404410,Michael Zahniser
304650,Failbetter Games
230230,Larian Studios
570840,Orange Juice Dog
496240,Downpour Interactive
730370
412170,New Reality Games
11610,Eyedentity Games Inc.
330070,MAGIX Software GmbH
544610,Slitherine Ltd.
512900,tinyBuild
362620,Coredumping
15170,Ubisoft
408760,Focus Home Interactive
518030,ProGames Studio
102700
477770,Milestone S.r.l.
658160,Slikey Games
321800,Beamdog
22100,TaleWorlds Entertainment
21130,Warner Bros. Interactive Entertainment
203350,1C Entertainment
628860
252690,"SmiteWorks USA, LLC"
367450,Dry Cactus
73170,Paradox Interactive
311860,New Reality Games
482920,European Games Group AG
568570,A.Y.std
562760,!Lim studio
394690,PixelTail Games
64000,1C Entertainment,1C-SoftClub
227860,Sauropod Studio
34000,SEGA
202480
429050,Greens s.r.o.
209650,Activision
304730,Good Shepherd Entertainment
